{
  "_format": "hh-sol-cache-2",
  "files": {
    "/Users/nehan/Neha/scratch/hardhat-hackathon-boilerplate/contracts/Token.sol": {
      "lastModificationDate": 1646574161959,
      "contentHash": "ce555156a0f74886a9fa4316fbb536da",
      "sourceName": "contracts/Token.sol",
      "solcConfig": {
        "version": "0.8.1",
        "settings": {
          "optimizer": {
            "enabled": false,
            "runs": 200
          },
          "outputSelection": {
            "*": {
              "*": [
                "abi",
                "evm.bytecode",
                "evm.deployedBytecode",
                "evm.methodIdentifiers",
                "metadata"
              ],
              "": [
                "ast"
              ]
            }
          }
        }
      },
      "imports": [
        "hardhat/console.sol",
        "@openzeppelin/contracts/token/ERC721/ERC721.sol",
        "@openzeppelin/contracts/token/ERC721/extensions/ERC721URIStorage.sol",
        "@openzeppelin/contracts/utils/Counters.sol",
        "../contracts/SimpleNFT.sol"
      ],
      "versionPragmas": [
        "^0.8.0"
      ],
      "artifacts": [
        "Token"
      ]
    },
    "/Users/nehan/Neha/scratch/hardhat-hackathon-boilerplate/node_modules/hardhat/console.sol": {
      "lastModificationDate": 1644849448291,
      "contentHash": "cc4777addd464ea56fa35b1c45df0591",
      "sourceName": "hardhat/console.sol",
      "solcConfig": {
        "version": "0.8.1",
        "settings": {
          "optimizer": {
            "enabled": false,
            "runs": 200
          },
          "outputSelection": {
            "*": {
              "*": [
                "abi",
                "evm.bytecode",
                "evm.deployedBytecode",
                "evm.methodIdentifiers",
                "metadata"
              ],
              "": [
                "ast"
              ]
            }
          }
        }
      },
      "imports": [],
      "versionPragmas": [
        ">=0.4.22 <0.9.0"
      ],
      "artifacts": [
        "console"
      ]
    },
    "/Users/nehan/Neha/scratch/hardhat-hackathon-boilerplate/contracts/MerkleTree.sol": {
      "lastModificationDate": 1646563866665,
      "contentHash": "f3a30a17045bc2133fa31bfa17064c91",
      "sourceName": "contracts/MerkleTree.sol",
      "solcConfig": {
        "version": "0.8.1",
        "settings": {
          "optimizer": {
            "enabled": false,
            "runs": 200
          },
          "outputSelection": {
            "*": {
              "*": [
                "abi",
                "evm.bytecode",
                "evm.deployedBytecode",
                "evm.methodIdentifiers",
                "metadata"
              ],
              "": [
                "ast"
              ]
            }
          }
        }
      },
      "imports": [],
      "versionPragmas": [
        "^0.8.0"
      ],
      "artifacts": [
        "MerkleTree"
      ]
    },
    "/Users/nehan/Neha/scratch/hardhat-hackathon-boilerplate/contracts/SimpleNFT.sol": {
      "lastModificationDate": 1646569156550,
      "contentHash": "9245010ea69219b9eb6fb076beb2a22e",
      "sourceName": "contracts/SimpleNFT.sol",
      "solcConfig": {
        "version": "0.8.1",
        "settings": {
          "optimizer": {
            "enabled": false,
            "runs": 200
          },
          "outputSelection": {
            "*": {
              "*": [
                "abi",
                "evm.bytecode",
                "evm.deployedBytecode",
                "evm.methodIdentifiers",
                "metadata"
              ],
              "": [
                "ast"
              ]
            }
          }
        }
      },
      "imports": [
        "hardhat/console.sol",
        "@openzeppelin/contracts/token/ERC721/ERC721.sol",
        "@openzeppelin/contracts/token/ERC721/extensions/ERC721URIStorage.sol",
        "@openzeppelin/contracts/utils/Counters.sol",
        "../contracts/MerkleTree.sol"
      ],
      "versionPragmas": [
        "^0.8.0"
      ],
      "artifacts": [
        "SimpleNFT"
      ]
    },
    "/Users/nehan/Neha/scratch/hardhat-hackathon-boilerplate/node_modules/@openzeppelin/contracts/token/ERC721/ERC721.sol": {
      "lastModificationDate": 1646563747892,
      "contentHash": "49295810dc45f300e5f84b4b50d88a59",
      "sourceName": "@openzeppelin/contracts/token/ERC721/ERC721.sol",
      "solcConfig": {
        "version": "0.8.1",
        "settings": {
          "optimizer": {
            "enabled": false,
            "runs": 200
          },
          "outputSelection": {
            "*": {
              "*": [
                "abi",
                "evm.bytecode",
                "evm.deployedBytecode",
                "evm.methodIdentifiers",
                "metadata"
              ],
              "": [
                "ast"
              ]
            }
          }
        }
      },
      "imports": [
        "./IERC721.sol",
        "./IERC721Receiver.sol",
        "./extensions/IERC721Metadata.sol",
        "../../utils/Address.sol",
        "../../utils/Context.sol",
        "../../utils/Strings.sol",
        "../../utils/introspection/ERC165.sol"
      ],
      "versionPragmas": [
        "^0.8.0"
      ],
      "artifacts": [
        "ERC721"
      ]
    },
    "/Users/nehan/Neha/scratch/hardhat-hackathon-boilerplate/node_modules/@openzeppelin/contracts/token/ERC721/extensions/ERC721URIStorage.sol": {
      "lastModificationDate": 1646563747895,
      "contentHash": "580a443491d9d70eb064b0130fc3cd01",
      "sourceName": "@openzeppelin/contracts/token/ERC721/extensions/ERC721URIStorage.sol",
      "solcConfig": {
        "version": "0.8.1",
        "settings": {
          "optimizer": {
            "enabled": false,
            "runs": 200
          },
          "outputSelection": {
            "*": {
              "*": [
                "abi",
                "evm.bytecode",
                "evm.deployedBytecode",
                "evm.methodIdentifiers",
                "metadata"
              ],
              "": [
                "ast"
              ]
            }
          }
        }
      },
      "imports": [
        "../ERC721.sol"
      ],
      "versionPragmas": [
        "^0.8.0"
      ],
      "artifacts": [
        "ERC721URIStorage"
      ]
    },
    "/Users/nehan/Neha/scratch/hardhat-hackathon-boilerplate/node_modules/@openzeppelin/contracts/utils/Counters.sol": {
      "lastModificationDate": 1646563747873,
      "contentHash": "74654e3ae5d7f39555055dfe244dab7a",
      "sourceName": "@openzeppelin/contracts/utils/Counters.sol",
      "solcConfig": {
        "version": "0.8.1",
        "settings": {
          "optimizer": {
            "enabled": false,
            "runs": 200
          },
          "outputSelection": {
            "*": {
              "*": [
                "abi",
                "evm.bytecode",
                "evm.deployedBytecode",
                "evm.methodIdentifiers",
                "metadata"
              ],
              "": [
                "ast"
              ]
            }
          }
        }
      },
      "imports": [],
      "versionPragmas": [
        "^0.8.0"
      ],
      "artifacts": [
        "Counters"
      ]
    },
    "/Users/nehan/Neha/scratch/hardhat-hackathon-boilerplate/node_modules/@openzeppelin/contracts/token/ERC721/IERC721.sol": {
      "lastModificationDate": 1646563747909,
      "contentHash": "27d219ec6f69478d065fdbfa7931da68",
      "sourceName": "@openzeppelin/contracts/token/ERC721/IERC721.sol",
      "solcConfig": {
        "version": "0.8.1",
        "settings": {
          "optimizer": {
            "enabled": false,
            "runs": 200
          },
          "outputSelection": {
            "*": {
              "*": [
                "abi",
                "evm.bytecode",
                "evm.deployedBytecode",
                "evm.methodIdentifiers",
                "metadata"
              ],
              "": [
                "ast"
              ]
            }
          }
        }
      },
      "imports": [
        "../../utils/introspection/IERC165.sol"
      ],
      "versionPragmas": [
        "^0.8.0"
      ],
      "artifacts": [
        "IERC721"
      ]
    },
    "/Users/nehan/Neha/scratch/hardhat-hackathon-boilerplate/node_modules/@openzeppelin/contracts/token/ERC721/IERC721Receiver.sol": {
      "lastModificationDate": 1646563747914,
      "contentHash": "592df588492d45fdcf46b3cb608c0fbf",
      "sourceName": "@openzeppelin/contracts/token/ERC721/IERC721Receiver.sol",
      "solcConfig": {
        "version": "0.8.1",
        "settings": {
          "optimizer": {
            "enabled": false,
            "runs": 200
          },
          "outputSelection": {
            "*": {
              "*": [
                "abi",
                "evm.bytecode",
                "evm.deployedBytecode",
                "evm.methodIdentifiers",
                "metadata"
              ],
              "": [
                "ast"
              ]
            }
          }
        }
      },
      "imports": [],
      "versionPragmas": [
        "^0.8.0"
      ],
      "artifacts": [
        "IERC721Receiver"
      ]
    },
    "/Users/nehan/Neha/scratch/hardhat-hackathon-boilerplate/node_modules/@openzeppelin/contracts/token/ERC721/extensions/IERC721Metadata.sol": {
      "lastModificationDate": 1646563747912,
      "contentHash": "efbc0d15b80a74e34dbe8da0f3e879bb",
      "sourceName": "@openzeppelin/contracts/token/ERC721/extensions/IERC721Metadata.sol",
      "solcConfig": {
        "version": "0.8.1",
        "settings": {
          "optimizer": {
            "enabled": false,
            "runs": 200
          },
          "outputSelection": {
            "*": {
              "*": [
                "abi",
                "evm.bytecode",
                "evm.deployedBytecode",
                "evm.methodIdentifiers",
                "metadata"
              ],
              "": [
                "ast"
              ]
            }
          }
        }
      },
      "imports": [
        "../IERC721.sol"
      ],
      "versionPragmas": [
        "^0.8.0"
      ],
      "artifacts": [
        "IERC721Metadata"
      ]
    },
    "/Users/nehan/Neha/scratch/hardhat-hackathon-boilerplate/node_modules/@openzeppelin/contracts/utils/Address.sol": {
      "lastModificationDate": 1646563747870,
      "contentHash": "ad714a6368ee7d43cded6bbe8af0b155",
      "sourceName": "@openzeppelin/contracts/utils/Address.sol",
      "solcConfig": {
        "version": "0.8.1",
        "settings": {
          "optimizer": {
            "enabled": false,
            "runs": 200
          },
          "outputSelection": {
            "*": {
              "*": [
                "abi",
                "evm.bytecode",
                "evm.deployedBytecode",
                "evm.methodIdentifiers",
                "metadata"
              ],
              "": [
                "ast"
              ]
            }
          }
        }
      },
      "imports": [],
      "versionPragmas": [
        "^0.8.1"
      ],
      "artifacts": [
        "Address"
      ]
    },
    "/Users/nehan/Neha/scratch/hardhat-hackathon-boilerplate/node_modules/@openzeppelin/contracts/utils/Context.sol": {
      "lastModificationDate": 1646563747873,
      "contentHash": "5f2c5c4b6af2dd4551027144797bc8be",
      "sourceName": "@openzeppelin/contracts/utils/Context.sol",
      "solcConfig": {
        "version": "0.8.1",
        "settings": {
          "optimizer": {
            "enabled": false,
            "runs": 200
          },
          "outputSelection": {
            "*": {
              "*": [
                "abi",
                "evm.bytecode",
                "evm.deployedBytecode",
                "evm.methodIdentifiers",
                "metadata"
              ],
              "": [
                "ast"
              ]
            }
          }
        }
      },
      "imports": [],
      "versionPragmas": [
        "^0.8.0"
      ],
      "artifacts": [
        "Context"
      ]
    },
    "/Users/nehan/Neha/scratch/hardhat-hackathon-boilerplate/node_modules/@openzeppelin/contracts/utils/Strings.sol": {
      "lastModificationDate": 1646563747923,
      "contentHash": "9c54c6c065d9e590fdcdd72c451425b9",
      "sourceName": "@openzeppelin/contracts/utils/Strings.sol",
      "solcConfig": {
        "version": "0.8.1",
        "settings": {
          "optimizer": {
            "enabled": false,
            "runs": 200
          },
          "outputSelection": {
            "*": {
              "*": [
                "abi",
                "evm.bytecode",
                "evm.deployedBytecode",
                "evm.methodIdentifiers",
                "metadata"
              ],
              "": [
                "ast"
              ]
            }
          }
        }
      },
      "imports": [],
      "versionPragmas": [
        "^0.8.0"
      ],
      "artifacts": [
        "Strings"
      ]
    },
    "/Users/nehan/Neha/scratch/hardhat-hackathon-boilerplate/node_modules/@openzeppelin/contracts/utils/introspection/ERC165.sol": {
      "lastModificationDate": 1646563747887,
      "contentHash": "0e7db055ce108f9da7bb6686a00287c0",
      "sourceName": "@openzeppelin/contracts/utils/introspection/ERC165.sol",
      "solcConfig": {
        "version": "0.8.1",
        "settings": {
          "optimizer": {
            "enabled": false,
            "runs": 200
          },
          "outputSelection": {
            "*": {
              "*": [
                "abi",
                "evm.bytecode",
                "evm.deployedBytecode",
                "evm.methodIdentifiers",
                "metadata"
              ],
              "": [
                "ast"
              ]
            }
          }
        }
      },
      "imports": [
        "./IERC165.sol"
      ],
      "versionPragmas": [
        "^0.8.0"
      ],
      "artifacts": [
        "ERC165"
      ]
    },
    "/Users/nehan/Neha/scratch/hardhat-hackathon-boilerplate/node_modules/@openzeppelin/contracts/utils/introspection/IERC165.sol": {
      "lastModificationDate": 1646563747904,
      "contentHash": "03e6768535ac4da0e9756f1d8a4a018a",
      "sourceName": "@openzeppelin/contracts/utils/introspection/IERC165.sol",
      "solcConfig": {
        "version": "0.8.1",
        "settings": {
          "optimizer": {
            "enabled": false,
            "runs": 200
          },
          "outputSelection": {
            "*": {
              "*": [
                "abi",
                "evm.bytecode",
                "evm.deployedBytecode",
                "evm.methodIdentifiers",
                "metadata"
              ],
              "": [
                "ast"
              ]
            }
          }
        }
      },
      "imports": [],
      "versionPragmas": [
        "^0.8.0"
      ],
      "artifacts": [
        "IERC165"
      ]
    }
  }
}
